[{
	"id": "10KSUGF873",
	"date": "26/01/2022T12:00",
	"text": "Ey! fine! and you?",
	"phone": "649120010"
}, {
	"id": "347TIDGBLASD",
	"date": "26/01/2022T12:02",
	"text": "not much! how are you?",
	"phone": "649120010"
}, {
	"id": "9THAEOIUH438",
	"date": "26/01/2022T12:03",
	"text": "always!",
	"phone": "649120010"
}, {
	"id": "834TDAUYOYWE",
	"date": "26/01/2022T12:05",
	"text": "perfect! see you there!",
	"phone": "649120010"
}, {
	"id": "3946THISBGSEW",
	"text": "That chocolate cake was insane!",
	"phone": "649120011",
	"date": "18/12/2021T15:00"
}, {
	"id": "1E9RTP94FQWXG",
	"text": "Hi! how are you?",
	"date": "20/01/2022T12:00",
	"phone": "649120010"
}, {
	"id": "2ETG34TDSGAT",
	"text": "is there a network issue?",
	"date": "20/01/2022T16:00",
	"phone": "649120010"
}, {
	"id": "YTGU56UTRH",
	"text": "did you received any of my texts?",
	"date": "20/01/2022T16:00",
	"phone": "649120010"
}, {
	"id": "568UDJFCX",
	"text": "hello?",
	"date": "20/01/2022T16:00",
	"phone": "649120010"
}, {
	"id": "47YRTHXDFGBX",
	"text": "come on...",
	"date": "20/01/2022T16:01",
	"phone": "649120010"
}, {
	"id": "6URHFNGC",
	"text": "hi.......",
	"date": "20/01/2022T16:02",
	"phone": "649120010"
}, {
	"id": "RTHBGCBXTDFH",
	"text": "?????",
	"date": "20/01/2022T16:02",
	"phone": "649120010"
}, {
	"phone": "649120012",
	"text": "Hi Ben! ",
	"date": "26/01/2022T12:00",
	"id": "PIOBGPIDSBRGP"
}, {
	"phone": "649120012",
	"text": "Lorem ipsum dolor sit amet, consectetur adipiscing elit. Proin venenatis tincidunt lacus sed placerat. Morbi volutpat justo vel sagittis volutpat. Nunc bibendum tempus sagittis. Morbi consequat eu magna luctus vestibulum. Nam dapibus elit vulputate mi cursus, ac pretium ipsum feugiat. Praesent pharetra sem a nibh tristique efficitur. Sed vulputate at sapien eget mollis.",
	"date": "30/01/2022T12:03",
	"id": "IFBVLAGSDFGSDGFF"
}, {
	"phone": "649120012",
	"text": "Lorem ipsum dolor sit amet, consectetur adipiscing elit. Proin venenatis tincidunt lacus sed placerat. Morbi volutpat justo vel sagittis volutpat. Nunc bibendum tempus sagittis. Morbi consequat eu magna luctus vestibulum. Nam dapibus elit vulputate mi cursus, ac pretium ipsum feugiat. Praesent pharetra sem a nibh tristique efficitur. Sed vulputate at sapien eget mollis.",
	"date": "30/01/2022T12:04",
	"id": "DSFGSDFGSDGF"
}, {
	"phone": "649120012",
	"text": "Lorem ipsum dolor sit amet, consectetur adipiscing elit. Proin venenatis tincidunt lacus sed placerat. Morbi volutpat justo vel sagittis volutpat. Nunc bibendum tempus sagittis. Morbi consequat eu magna luctus vestibulum. Nam dapibus elit vulputate mi cursus, ac pretium ipsum feugiat. Praesent pharetra sem a nibh tristique efficitur. Sed vulputate at sapien eget mollis.",
	"date": "30/01/2022T12:04",
	"id": "SDFGSDFGFGSDFG"
}]