<?xml version="1.0" encoding="utf-8"?>
<edmx:Edmx Version="1.0" xmlns:edmx="http://schemas.microsoft.com/ado/2007/06/edmx"
	xmlns:m="http://schemas.microsoft.com/ado/2007/08/dataservices/metadata" xmlns:sap="http://www.sap.com/Protocols/SAPData">
	<edmx:DataServices m:DataServiceVersion="2.0">
		<Schema Namespace="ChatApp" sap:schema-version="1" xml:lang="en" xmlns="http://schemas.microsoft.com/ado/2008/09/edm">
			<EntityType Name="chat">
				<Key>
					<PropertyRef Name="phone"/>
				</Key>
				<Property Name="phone" Nullable="false" Type="Edm.String"/>
				<Property Name="contactName" Nullable="false" Type="Edm.String"/>
				<Property Name="photo" Nullable="false" Type="Edm.String"/>
			</EntityType>
			<EntityType Name="recmsg">
				<Key>
					<PropertyRef Name="id"/>
				</Key>
				<Property Name="id" Nullable="false" Type="Edm.String"/>
				<Property Name="date" Nullable="false" Type="Edm.String"/>
				<Property Name="text" Nullable="false" Type="Edm.Decimal"/>
				<Property Name="phone" Nullable="false" Type="Edm.String"/>
			</EntityType>
			<EntityType Name="sendmsg">
				<Key>
					<PropertyRef Name="id"/>
				</Key>
				<Property Name="id" Nullable="false" Type="Edm.String"/>
				<Property Name="text" Nullable="false" Type="Edm.String"/>
			    <Property Name="phone" Nullable="false" Type="Edm.String"/>
			    <Property Name="date" Nullable="false" Type="Edm.String"/>
			    <Property Name="sent" Nullable="false" Type="Edm.String"/>
			    <Property Name="delivered" Nullable="false" Type="Edm.String"/>
			    <Property Name="read" Nullable="false" Type="Edm.String"/>
			</EntityType>
			<EntityContainer Name="ChatSetContainer" m:IsDefaultEntityContainer="true" sap:supported-formats="atom json xlsx">
				<EntitySet EntityType="ChatApp.chat" Name="chatsSet"/>
				<EntitySet EntityType="ChatApp.recmsg" Name="ReceivedMessagesSet"/>
				<EntitySet EntityType="ChatApp.sendmsg" Name="SentMessagesSet"/>
			</EntityContainer>
		</Schema>
	</edmx:DataServices>
</edmx:Edmx>